HR@1,HR@5,HR@10,HR@15,HR@20,Steps,HR@1_CI,HR@5_CI,HR@10_CI,HR@15_CI,HR@20_CI
0.0102,0.0556,0.1038,0.1488,0.1898,0,0.0027851262066913287,0.006351648469870139,0.008454194122398362,0.00986480130662567,0.01086964330542648
0.0174,0.0814,0.1424,0.1958,0.2352,1,0.003624382904274679,0.007579603578868946,0.009686534955121891,0.010999158169387513,0.01175611071686512
0.0218,0.09,0.155,0.2066,0.2548,2,0.004047745002245089,0.007932553687180849,0.010031486031491251,0.011222311668315131,0.012078338706428564
0.0214,0.0922,0.1604,0.2168,0.2592,3,0.004011257679681145,0.008019210597758713,0.01017207295042674,0.011421865651599871,0.012146161591021791
0.0234,0.0894,0.1588,0.2112,0.2602,4,0.004190225137245096,0.007908673590735769,0.01013085151895948,0.011313617120055571,0.01216135255582986
0.0252,0.0874,0.1544,0.2068,0.2538,5,0.004344392945763735,0.007828292017854491,0.0100156053698618,0.0112263270254878,0.012062699260911334
