HR@1,HR@5,HR@10,HR@15,HR@20,Steps,HR@1_CI,HR@5_CI,HR@10_CI,HR@15_CI,HR@20_CI
0.01,0.0506,0.1054,0.1476,0.1942,0,0.0027579644667762946,0.006075344945334139,0.008511494474461851,0.009831866398441,0.010965017105102658
0.023,0.087,0.1548,0.2064,0.2512,1,0.004155107546141268,0.007812069247004663,0.010026198337715366,0.011218292134402343,0.012021642384432986
0.0256,0.1024,0.1752,0.2364,0.2822,2,0.004377838028616351,0.00840354382845697,0.010536889999767284,0.011776812621961298,0.012475308697230946
0.0242,0.1094,0.187,0.2506,0.3032,3,0.004259505261787859,0.008652090940622803,0.010807796163881351,0.012012086388500478,0.012740595826067349
0.0264,0.1084,0.1834,0.2506,0.3022,4,0.004443890153097779,0.00861729062645552,0.010726929408772795,0.012012086388500482,0.012728692113928936
0.027000000000000003,0.1102,0.1838,0.247,0.3046,5,0.004492720191599118,0.008679767000744049,0.010735990485241384,0.011954104111977795,0.012757141182443223
