HR@1,HR@5,HR@10,HR@15,HR@20,Steps,HR@1_CI,HR@5_CI,HR@10_CI,HR@15_CI,HR@20_CI
0.0102,0.0556,0.1038,0.1488,0.1898,0,0.0027851262066913287,0.006351648469870139,0.008454194122398362,0.00986480130662567,0.01086964330542648
0.0236,0.0998,0.1668,0.226,0.2656,1,0.004207663067879698,0.008308178986228204,0.010333411467816085,0.01159299821788971,0.012241973600886032
0.0278,0.1078,0.1728,0.2348,0.2794,2,0.004556918648736137,0.008596299913985934,0.01047968433356595,0.01174918105006445,0.012437451464218534
0.025,0.10400000000000001,0.177,0.2382,0.281,3,0.004327562824500605,0.008461390599658844,0.010579316741643068,0.011807621738656245,0.012459157454660221
0.0252,0.106,0.1754,0.2332,0.28300000000000003,4,0.004344392945763758,0.008532823476434885,0.010541624176036395,0.011721316537112813,0.012486015357991985
0.0242,0.1014,0.1698,0.2254,0.27,5,0.00425950526178785,0.008367067138059422,0.010407137119649995,0.011582085626897946,0.01230592832743656
