HR@1,HR@5,HR@10,HR@15,HR@20,Steps,HR@1_CI,HR@5_CI,HR@10_CI,HR@15_CI,HR@20_CI
0.006,0.036000000000000004,0.092,0.142,0.2,0,0.006769239602791488,0.016329046904213357,0.025334241555649444,0.03059559372197255,0.03506154588719677
0.004,0.032,0.096,0.146,0.2,1,0.005532618620508746,0.015427080190366444,0.025822060893739653,0.030951124515920143,0.03506154588719677
0.01,0.07400000000000001,0.154,0.20800000000000002,0.256,2,0.008721449420824557,0.022945230371473863,0.031638552887260835,0.03557667262687718,0.03825405867094355
0.018000000000000002,0.10400000000000001,0.18600000000000003,0.25,0.312,3,0.011653679384640712,0.02675726646726068,0.034106703341132145,0.037955236792832685,0.04061089729616926
0.024,0.12,0.20199999999999999,0.262,0.312,4,0.01341533737182935,0.028484134531349237,0.035192344440232955,0.038543388787183885,0.04061089729616927
0.036000000000000004,0.12,0.20600000000000002,0.28,0.326,5,0.016329046904213357,0.02848413453134925,0.035449893156397516,0.039356487648162984,0.04108750949862966
