HR@1,HR@5,HR@10,HR@15,HR@20,Steps,HR@1_CI,HR@5_CI,HR@10_CI,HR@15_CI,HR@20_CI
0.006,0.036000000000000004,0.092,0.142,0.2,0,0.006769239602791488,0.016329046904213357,0.025334241555649444,0.03059559372197255,0.03506154588719677
0.004,0.032,0.094,0.14400000000000002,0.18600000000000003,1,0.005532618620508743,0.015427080190366487,0.025579914870851303,0.030774371883110763,0.03410670334113216
0.008,0.064,0.128,0.17800000000000002,0.23800000000000002,2,0.007808577027858552,0.021453540798665443,0.02928426285908532,0.03352872039311957,0.037328198713573214
0.01,0.06,0.126,0.18600000000000003,0.22399999999999998,3,0.008721449420824541,0.02081663949824743,0.029087879207669913,0.03410670334113214,0.03654482941265411
0.02,0.094,0.15,0.19,0.256,4,0.01227154106051886,0.025579914870851317,0.03129869006843581,0.03438669044848603,0.03825405867094354
0.016,0.086,0.146,0.198,0.242,5,0.010998377189385743,0.024574992427262302,0.03095112451592015,0.03492937770988759,0.0375416498731742
