HR@1,HR@5,HR@10,HR@15,HR@20,Steps,HR@1_CI,HR@5_CI,HR@10_CI,HR@15_CI,HR@20_CI
0.0162,0.0704,0.1262,0.1802,0.2248,0,0.0034993065168973324,0.007090966869814242,0.009204639135739984,0.01065374798966092,0.011571138840546278
0.0352,0.1318,0.2156,0.2752,0.3256,1,0.00510811949617478,0.009376454814224493,0.01139893402230277,0.012379536262203278,0.012988890276109156
0.0468,0.1572,0.2418,0.3012,0.3578,2,0.005854448804388164,0.010089266727131571,0.011868370830202934,0.012716716841198121,0.01328698326224568
0.0522,0.1804,0.27399999999999997,0.3346,0.3818,3,0.006165448477702511,0.010658358175103884,0.0123627378715231,0.013079026983258076,0.013466462671511257
0.067,0.2016,0.301,0.3696,0.41200000000000003,4,0.006930256237687032,0.0111205584527398,0.012714313181607602,0.013379662319684987,0.013642951657174624
0.0756,0.2256,0.32799999999999996,0.3946,0.4388,5,0.0073276030599920125,0.011585726951935944,0.013013455387405622,0.013547863676196516,0.013755082825602859
