HR@1,HR@5,HR@10,HR@15,HR@20,Steps,HR@1_CI,HR@5_CI,HR@10_CI,HR@15_CI,HR@20_CI
0.0182,0.0804,0.141,0.1946,0.2402,0,0.003705256493577704,0.007537001034151634,0.009646665231052893,0.010973579133027192,0.011841513524342906
0.0414,0.14400000000000002,0.2308,0.2846,0.3378,1,0.0055219179867867,0.009731710871167792,0.011679079352209748,0.012507283239329408,0.013109782303730048
0.057999999999999996,0.1868,0.2826,0.3364,0.3848,2,0.00647903785449669,0.010803343627007323,0.012480668100578272,0.013096409658100454,0.013486422600052544
0.065,0.2096,0.3074,0.364,0.409,3,0.006833348227626102,0.011282105957170064,0.012789814462954288,0.01333675947447462,0.013627822352819455
0.0884,0.2432,0.3344,0.39399999999999996,0.4386,4,0.00786863426909652,0.011891685535835896,0.013077082398027691,0.0135442665537858,0.01375439799965076
0.0946,0.2606,0.3496,0.4062,0.4578,5,0.008112166997097233,0.012167405950522443,0.01321743086491465,0.01361322822034499,0.013809842323907388
