HR@1,HR@5,HR@10,HR@15,HR@20,Steps,HR@1_CI,HR@5_CI,HR@10_CI,HR@15_CI,HR@20_CI
0.01,0.036,0.098,0.136,0.182,0,0.008721449420824553,0.016329046904213357,0.02606077794694552,0.030046742465698266,0.03382076408362179
0.024,0.064,0.12,0.18,0.218,1,0.013415337371829324,0.02145354079866544,0.02848413453134923,0.03367551514082607,0.036191175764266094
0.016,0.09,0.156,0.214,0.248,2,0.010998377189385759,0.02508493731305691,0.031805673154328896,0.03594919989095722,0.037853481573033636
0.016,0.114,0.172,0.218,0.264,3,0.01099837718938571,0.027857385605975386,0.03307885444207521,0.03619117576426607,0.03863775993506855
0.022,0.104,0.178,0.222,0.256,4,0.01285736097338799,0.026757266467260676,0.03352872039311956,0.03642817002266238,0.03825405867094354
0.026,0.1,0.162,0.216,0.266,5,0.013948812021100638,0.026296159415397494,0.03229613752757431,0.03607081674706008,0.03873110766296278
