HR@1,HR@5,HR@10,HR@15,HR@20,Steps,HR@1_CI,HR@5_CI,HR@10_CI,HR@15_CI,HR@20_CI
0.018,0.104,0.178,0.216,0.27,0,0.011653679384640713,0.02675726646726066,0.033528720393119556,0.03607081674706008,0.03891476223748517
0.016,0.128,0.204,0.254,0.298,1,0.010998377189385728,0.029284262859085357,0.03532178858438517,0.03815551688550414,0.04009108014508965
0.05,0.178,0.26,0.294,0.348,2,0.019103716915825623,0.033528720393119556,0.03844798668331018,0.039934392756119486,0.04175269269400493
0.068,0.198,0.288,0.338,0.376,3,0.022066501381052653,0.034929377709887584,0.03969239548326598,0.04146277968491732,0.042457780403596046
0.074,0.238,0.31,0.368,0.412,4,0.022945230371473856,0.03732819871357323,0.04053932017190246,0.042272070249752366,0.043142801244239894
0.082,0.248,0.324,0.378,0.438,5,0.024049128117251822,0.03785348157303364,0.04102200868801994,0.04250227348272073,0.04348868564580915
