HR@1,HR@5,HR@10,HR@15,HR@20,Steps,HR@1_CI,HR@5_CI,HR@10_CI,HR@15_CI,HR@20_CI
0.0182,0.0804,0.141,0.1946,0.2402,0,0.003705256493577704,0.007537001034151634,0.009646665231052893,0.010973579133027192,0.011841513524342906
0.0208,0.0884,0.153,0.2062,0.2502,1,0.003955837463192809,0.007868634269096501,0.009978344407766395,0.011214268419259208,0.012005698699667684
0.0422,0.132,0.2112,0.264,0.304,2,0.005572687772628333,0.009382485402067129,0.011313617120055566,0.01221833250816202,0.012750067406880282
0.0532,0.1684,0.2468,0.2974,0.337,3,0.006220939961388657,0.010372879984883794,0.011950850195831132,0.01267055457968625,0.013102156536997952
0.0646,0.1802,0.2566,0.3078,0.3482,4,0.006813747112184036,0.010653747989660926,0.01210627886597648,0.012794436830560193,0.0132051284675008
0.0724,0.1908,0.2706,0.3256,0.3654,5,0.007183245711848911,0.010891512429189927,0.012314530105725205,0.012988890276109132,0.013347667347847793
