HR@1,HR@5,HR@10,HR@15,HR@20,Steps,HR@1_CI,HR@5_CI,HR@10_CI,HR@15_CI,HR@20_CI
0.0162,0.0704,0.1262,0.1802,0.2248,0,0.0034993065168973324,0.007090966869814242,0.009204639135739984,0.01065374798966092,0.011571138840546278
0.0302,0.1188,0.1974,0.2542,0.3054,1,0.0047436826861839846,0.00896843229216802,0.011033015315714705,0.01206896511036518,0.012766533084153944
0.0438,0.1474,0.2208,0.2814,0.33,2,0.005672604355954868,0.009826355568408574,0.011497279140526593,0.012464553390025805,0.013033631573739744
0.052000000000000005,0.1498,0.2214,0.2798,0.3286,3,0.006154275157969226,0.009892077863987778,0.011508456411387357,0.012442896331127787,0.013019536311742996
0.059000000000000004,0.1638,0.2358,0.2872,0.3316,4,0.0065311835129628635,0.010258481970506588,0.011766477975808787,0.012541432137168705,0.013049580498268962
0.0532,0.154,0.2294,0.2858,0.3358,5,0.006220939961388674,0.01000498889954406,0.011654194941084156,0.01252310737617508,0.01309063912707108
