HR@1,HR@5,HR@10,HR@15,HR@20,Steps,HR@1_CI,HR@5_CI,HR@10_CI,HR@15_CI,HR@20_CI
0.0162,0.0704,0.1262,0.1802,0.2248,0,0.0034993065168973324,0.007090966869814242,0.009204639135739984,0.01065374798966092,0.011571138840546278
0.0328,0.11699999999999999,0.1946,0.2508,0.3018,1,0.0049370341918199365,0.008909315771707737,0.010973579133027192,0.012015275122742369,0.012723910603395156
0.037000000000000005,0.1336,0.2206,0.2754,0.3224,2,0.005232208894912474,0.00943047395695455,0.011493545620250914,0.012382325091386764,0.012955532986210777
0.0396,0.14,0.2176,0.2798,0.3278,3,0.005405610354881515,0.009617989810766241,0.011437074118706585,0.012442896331127785,0.01301142305711361
0.040999999999999995,0.1408,0.2274,0.292,0.337,4,0.005496323687702425,0.009640943345710948,0.011618328488934944,0.012603150539448929,0.013102156536997929
0.0434,0.1386,0.2268,0.2902,0.3356,5,0.0056478235791145295,0.009577565219449413,0.011607495313081324,0.012580206522438131,0.013088710355295149
