HR@1,HR@5,HR@10,HR@15,HR@20,Steps,HR@1_CI,HR@5_CI,HR@10_CI,HR@15_CI,HR@20_CI
0.01,0.036,0.098,0.136,0.182,0,0.008721449420824553,0.016329046904213357,0.02606077794694552,0.030046742465698266,0.03382076408362179
0.032,0.148,0.272,0.356,0.428,1,0.01542708019036645,0.03112588612714497,0.039005083402038655,0.04197000315463405,0.043370154382939397
0.05,0.188,0.32,0.432,0.51,2,0.019103716915825665,0.034247431716845564,0.04088843748543118,0.04341972919307529,0.0438181660958099
0.068,0.224,0.356,0.442,0.52,3,0.022066501381052647,0.03654482941265412,0.04197000315463402,0.04353106609307872,0.04379185677725941
0.076,0.286,0.396,0.488,0.53,4,0.023228108765028628,0.03960984944177378,0.04286838588983749,0.043814308384362496,0.043747972753031744
0.072,0.29,0.412,0.472,0.56,5,0.022657464359455575,0.039773997536078874,0.04314280124423989,0.043758157767438195,0.043510234198404336
