HR@1,HR@5,HR@10,HR@15,HR@20,Steps,HR@1_CI,HR@5_CI,HR@10_CI,HR@15_CI,HR@20_CI
0.01,0.036,0.098,0.136,0.182,0,0.008721449420824553,0.016329046904213357,0.02606077794694552,0.030046742465698266,0.03382076408362179
0.024,0.066,0.126,0.178,0.204,1,0.013415337371829303,0.02176288539693216,0.029087879207669903,0.033528720393119556,0.03532178858438519
0.018,0.084,0.154,0.21,0.244,2,0.011653679384640726,0.024314114024574153,0.031638552887260835,0.03570214111226383,0.037646697130027135
0.022,0.1,0.162,0.222,0.256,3,0.01285736097338799,0.026296159415397504,0.03229613752757431,0.03642817002266238,0.03825405867094354
0.022,0.076,0.148,0.206,0.246,4,0.012857360973387995,0.023228108765028628,0.031125886127144963,0.03544989315639751,0.037750637991960025
0.018,0.092,0.154,0.218,0.264,5,0.011653679384640726,0.025334241555649405,0.03163855288726085,0.03619117576426608,0.038637759935068565
