HR@1,HR@5,HR@10,HR@15,HR@20,Steps,HR@1_CI,HR@5_CI,HR@10_CI,HR@15_CI,HR@20_CI
0.006,0.036,0.092,0.142,0.2,0,0.0067692396027914875,0.016329046904213357,0.025334241555649444,0.030595593721972552,0.03506154588719677
0.048,0.148,0.274,0.38,0.456,1,0.018737435982545698,0.03112588612714497,0.03909440978963605,0.04254599769661073,0.043656904663523705
0.046,0.224,0.358,0.464,0.562,2,0.018362177125820372,0.03654482941265411,0.042022326865607966,0.04371318534263988,0.043488685645809134
0.072,0.256,0.408,0.516,0.588,3,0.022657464359455575,0.0382540586709435,0.04307864198416675,0.04380448722220133,0.0431428012442399
0.082,0.298,0.476,0.56,0.624,4,0.024049128117251833,0.04009108014508962,0.043776414617919396,0.04351023419840433,0.04245778040359607
0.104,0.314,0.49,0.586,0.632,5,0.026757266467260676,0.040681593046487295,0.04381816609580991,0.043173777374698186,0.042272070249752366
