HR@1,HR@5,HR@10,HR@15,HR@20,Steps,HR@1_CI,HR@5_CI,HR@10_CI,HR@15_CI,HR@20_CI
0.0,0.02,0.12,0.2,0.28,0,0.0,0.0388060201515177,0.09007474229771634,0.11087434329005066,0.12445614167247833
0.04,0.14,0.32,0.44,0.52,1,0.05431711332535998,0.0961798981076607,0.1293005924193698,0.13759144159430842,0.13848201038402064
0.08,0.28,0.42,0.56,0.64,2,0.07519863828554342,0.12445614167247836,0.1368074383942627,0.13759144159430844,0.13304921194806077
0.08,0.28,0.5,0.64,0.68,3,0.07519863828554345,0.12445614167247833,0.1385929291125633,0.13304921194806077,0.1293005924193698
0.12,0.34,0.54,0.62,0.74,4,0.0900747422977163,0.1313053723196427,0.13814871986377583,0.13454225804556716,0.12158320936708322
0.14,0.42,0.58,0.66,0.74,5,0.09617989810766073,0.13680743839426274,0.1368074383942627,0.13130537231964276,0.12158320936708322
