HR@1,HR@5,HR@10,HR@15,HR@20,Steps,HR@1_CI,HR@5_CI,HR@10_CI,HR@15_CI,HR@20_CI
0.018,0.104,0.178,0.216,0.27,0,0.011653679384640713,0.02675726646726066,0.033528720393119556,0.03607081674706008,0.03891476223748517
0.012,0.11,0.192,0.236,0.294,1,0.009544213912104051,0.02742599642674799,0.03452449732001897,0.03721977556084927,0.039934392756119506
0.046,0.158,0.238,0.274,0.332,2,0.018362177125820358,0.03197095862184916,0.037328198713573194,0.03909440978963607,0.04127892153629997
0.062,0.184,0.27,0.314,0.37,3,0.02113821608367188,0.03396448705339153,0.038914762237485155,0.040681593046487295,0.04231966351473029
0.068,0.19,0.3,0.34,0.406,4,0.022066501381052653,0.034386690448486,0.04016804700256175,0.04152240455464973,0.043045455565018535
0.082,0.21,0.316,0.362,0.424,5,0.024049128117251812,0.03570214111226383,0.04075141200989245,0.04212459067100841,0.04331768503509867
