HR@1,HR@5,HR@10,HR@15,HR@20,Steps,HR@1_CI,HR@5_CI,HR@10_CI,HR@15_CI,HR@20_CI
0.018,0.104,0.178,0.216,0.27,0,0.011653679384640713,0.02675726646726066,0.033528720393119556,0.03607081674706008,0.03891476223748517
0.048,0.178,0.27,0.328,0.388,1,0.018737435982545653,0.033528720393119556,0.03891476223748515,0.04115215925319114,0.04271325250083383
0.062,0.208,0.308,0.366,0.428,2,0.02113821608367188,0.035576672626877144,0.04046685699680676,0.04222369548961801,0.04337015438293938
0.08,0.234,0.35,0.432,0.476,3,0.023779897392545574,0.03711020750144075,0.041808228855095095,0.0434197291930753,0.043776414617919396
0.084,0.26,0.39,0.464,0.532,4,0.024314114024574177,0.03844798668331018,0.04275316690024275,0.04371318534263988,0.04373708270106729
0.11,0.304,0.434,0.51,0.568,5,0.027425996426747944,0.040319253326419606,0.04344343426572074,0.04381816609580991,0.0434197291930753
