HR@1,HR@5,HR@10,HR@15,HR@20,Steps,HR@1_CI,HR@5_CI,HR@10_CI,HR@15_CI,HR@20_CI
0.0182,0.0804,0.141,0.1946,0.2402,0,0.003705256493577704,0.0075370010341516335,0.009646665231052893,0.010973579133027192,0.011841513524342906
0.017,0.0844,0.1456,0.2028,0.2468,1,0.003583210225482122,0.007705399927634955,0.009776476856455137,0.011145221127065577,0.011950850195831133
0.0398,0.126,0.1988,0.2506,0.2942,2,0.005418679395129584,0.00919839506000901,0.011062409467164322,0.012012086388500485,0.01263086898495951
0.0452,0.1576,0.2344,0.2878,0.3312,3,0.005758329228795211,0.0100996972349076,0.011742236824592297,0.012549240680264886,0.013045609229897894
0.0602,0.1756,0.2512,0.3046,0.349,4,0.0065930601079621,0.010546353313103066,0.012021642384432972,0.012757141182443216,0.013212173768158085
0.0722,0.1872,0.2682,0.3252,0.3704,5,0.007174090518749061,0.010812244024770818,0.012279951697103999,0.012984758436998057,0.013385633132160926
