HR@1,HR@5,HR@10,HR@15,HR@20,Steps,HR@1_CI,HR@5_CI,HR@10_CI,HR@15_CI,HR@20_CI
0.01916204559457794,0.08170055452865065,0.14399260628465804,0.1982747997535428,0.24140480591497226,0,0.0021091932728325297,0.0042140673722569555,0.0054013916120523395,0.006133993886505059,0.006583772428620396
0.04343807763401109,0.15804066543438078,0.24867529266789895,0.32156500308071473,0.37430683918669133,1,0.003136090988535374,0.005612118005914261,0.006650081468083167,0.007185968702514836,0.007445457631689889
0.05723967960566852,0.19272951324707333,0.29279112754158965,0.3709796672828096,0.4313000616142945,2,0.003573930116445805,0.0060684874951152734,0.007000831385199883,0.007431974435946353,0.007619529628338461
0.07190388170055453,0.2230437461491066,0.33284041897720273,0.41182994454713495,0.4768330252618608,3,0.003974380631362231,0.006404572115472142,0.007249861418577032,0.007571941103359032,0.0076842261064883595
0.08761552680221811,0.2555760936537277,0.37196549599507084,0.4538508934072705,0.5174368453481207,4,0.004349870148649924,0.006710688518240946,0.0074360087416541435,0.0076596517131188495,0.007687808667442259
0.10308071472581638,0.2896487985212569,0.41410967344423905,0.49617991373998765,0.5579790511398645,5,0.004678021388216885,0.0069786149551513445,0.007578140676416557,0.007692263276387427,0.0076405950840636476
