HR@1,HR@5,HR@10,HR@15,HR@20,Steps,HR@1_CI,HR@5_CI,HR@10_CI,HR@15_CI,HR@20_CI
0.0182,0.0804,0.141,0.1946,0.2402,0,0.003705256493577704,0.0075370010341516335,0.009646665231052893,0.010973579133027192,0.011841513524342906
0.0186,0.0908,0.161,0.2192,0.2722,1,0.0037449891872741344,0.007964228411791903,0.010187438209874106,0.011467301902156899,0.01233732925601067
0.0462,0.1466,0.2266,0.2796,0.3318,2,0.005818629654755385,0.009804249926475618,0.011603876709996184,0.012440175430788602,0.013051562147236927
0.0552,0.1824,0.2678,0.327,0.378,3,0.006330099701205626,0.010704192916647613,0.012274144104221897,0.013003266924892867,0.01344039899407762
0.0656,0.1974,0.2886,0.3496,0.3964,4,0.0068626113429799355,0.011033015315714705,0.012559610261978937,0.013217430864914656,0.013558526917508066
0.0808,0.2258,0.3246,0.3786,0.4294,5,0.007554083088979042,0.011589364481075308,0.012978540452177298,0.013444572532171494,0.013720437913011068
