HR@1,HR@5,HR@10,HR@15,HR@20,Steps,HR@1_CI,HR@5_CI,HR@10_CI,HR@15_CI,HR@20_CI
0.013,0.055,0.112,0.1606,0.2092,0,0.0031397952035124477,0.0063192904665002846,0.008741512107181236,0.010177200300907886,0.01127418714565228
0.0442,0.1748,0.2946,0.393,0.4634,1,0.005697255770562081,0.010527406502420122,0.012635870551283379,0.013538223824417184,0.01382211232991568
0.0692,0.239,0.384,0.4772,0.5508,2,0.0070348088897424456,0.011821221310846411,0.01348115299520024,0.013844876183310562,0.01378757566344401
0.0902,0.279,0.4244,0.5196,0.5888,3,0.007940490019337838,0.012431994324323474,0.01369995527747373,0.013848640445502014,0.013638968389845156
0.0978,0.3122,0.455,0.5462,0.6148,4,0.008233640636510525,0.012844541441842246,0.01380304864875875,0.01380000242968044,0.013489042960388357
0.1054,0.3186,0.4612,0.5548,0.6164,5,0.008511494474461862,0.012915018111207429,0.013817501233552076,0.013775801403445866,0.013478503739391863
