HR@1,HR@5,HR@10,HR@15,HR@20,Steps,HR@1_CI,HR@5_CI,HR@10_CI,HR@15_CI,HR@20_CI
0.008,0.084,0.142,0.204,0.244,0,0.00780857702785854,0.024314114024574146,0.030595593721972562,0.035321788584385186,0.037646697130027086
0.034,0.134,0.214,0.264,0.308,1,0.01588543423391378,0.02985949197156566,0.03594919989095721,0.038637759935068565,0.04046685699680676
0.056,0.176,0.254,0.322,0.37,2,0.020153527849982075,0.03338035944683645,0.03815551688550414,0.040955652738053176,0.04231966351473028
0.06,0.214,0.316,0.382,0.432,3,0.02081663949824744,0.03594919989095718,0.04075141200989245,0.042588955413346105,0.043419729193075275
0.066,0.226,0.332,0.4,0.458,4,0.021762885396932198,0.03666027927880511,0.04127892153629997,0.04294144850840486,0.043672037222918875
0.07,0.24,0.35,0.41,0.466,5,0.022364622062534284,0.03743548690747841,0.041808228855095095,0.04311108998854002,0.04372548708476568
